barangay,latitude,longitude,estimated_population,district
Ambiong,16.4278,120.6205,4200,Pacdal / East
Asin Road,16.4022,120.5732,11500,Asin / West
Aurora Hill Proper,16.4251,120.6033,4800,Aurora Hill
Bakakeng Central,16.3831,120.5898,15400,Bakakeng
Bakakeng North,16.3915,120.5925,6200,Bakakeng
Balsigan,16.3982,120.5881,3100,Central South
Cabinet Hill-Teachers Camp,16.4150,120.6075,2900,Teachers Camp
Camp 7,16.3752,120.6028,14200,Kennon / South
Country Club Village,16.4089,120.6261,1800,Mines View / South East
Dominican-Mirador,16.4055,120.5839,6800,Mirador
Fairview,16.4244,120.5821,8300,Fairview / Guisad
Gibraltar,16.4215,120.6288,4100,Mines View
Happy Hallow,16.3930,120.6401,2600,South East
Holy Ghost Extension,16.4239,120.6001,4500,Holy Ghost
Irisan,16.4218,120.5594,36500,Irisan / Naguilian
Kias,16.3571,120.6272,9800,Kias / PMA
Loakan Proper,16.3685,120.6184,10300,Loakan
Lucnab,16.4082,120.6385,2200,South East
Magsaysay Private,16.4285,120.5960,3400,Magsaysay
Pacdal,16.4190,120.6219,6700,Pacdal
Pinsao Proper,16.4352,120.5780,7900,Pinsao
Quezon Hill Proper,16.4201,120.5779,5900,Quezon Hill
San Luis Village,16.4019,120.5790,6200,San Luis / Asin
San Vicente,16.3910,120.6015,3800,Kennon
Sto. Tomas Proper,16.3882,120.5819,7100,Sto. Tomas
