"barangay","total_cases","severe_cases","deaths","estimated_population","attack_rate_10k","risk_tier"
"Irisan",1344,40,14,36500,368.2,"HIGH (EPIDEMIC)"
"Bakakeng Central",381,14,0,15400,247.4,"HIGH (EPIDEMIC)"
"Camp 7",332,12,0,14200,233.8,"HIGH (EPIDEMIC)"
"Asin Road",228,4,0,11500,198.3,"HIGH (EPIDEMIC)"
"Loakan Proper",168,4,2,10300,163.1,"HIGH (EPIDEMIC)"
"Sto. Tomas Proper",153,0,0,7100,215.5,"HIGH (EPIDEMIC)"
"Pinsao Proper",137,4,0,7900,173.4,"HIGH (EPIDEMIC)"
"Pacdal",116,1,0,6700,173.1,"HIGH (EPIDEMIC)"
"Gibraltar",98,6,0,4100,239,"HIGH (EPIDEMIC)"
"San Luis Village",96,5,0,6200,154.8,"HIGH (EPIDEMIC)"
"Aurora Hill Proper",78,2,0,4800,162.5,"HIGH (EPIDEMIC)"
"Fairview",66,3,0,8300,79.5,"CONTROLLED"
"Quezon Hill Proper",65,4,0,5900,110.2,"ALERT (ELEVATED)"
"Bakakeng North",54,3,0,6200,87.1,"ALERT (ELEVATED)"
"Kias",53,1,0,9800,54.1,"CONTROLLED"
"Dominican-Mirador",50,1,0,6800,73.5,"CONTROLLED"
"San Vicente",32,1,0,3800,84.2,"ALERT (ELEVATED)"
"Holy Ghost Extension",31,2,0,4500,68.9,"CONTROLLED"
"Balsigan",29,3,0,3100,93.5,"ALERT (ELEVATED)"
"Ambiong",18,0,0,4200,42.9,"CONTROLLED"
"Cabinet Hill-Teachers Camp",18,1,0,2900,62.1,"CONTROLLED"
"Magsaysay Private",17,1,0,3400,50,"CONTROLLED"
"Happy Hallow",14,0,0,2600,53.8,"CONTROLLED"
"Lucnab",13,0,0,2200,59.1,"CONTROLLED"
"Country Club Village",9,0,0,1800,50,"CONTROLLED"
